service,phase,samples,cpu_mean_percent_of_one_core,cpu_max_percent_of_one_core,memory_mean_mib,memory_max_mib,pids_max
attendance-service,auth2,9,3.5,11.05,369.1,369.2,76
attendance-service,capped50,22,49.74,61.35,362.0,379.3,77
attendance-service,cappedidle,9,3.78,9.65,340.8,341.0,65
attendance-service,cappedwarmup,11,40.31,58.65,322.2,339.8,65
attendance-service,idle,18,2.1,8.07,433.6,433.9,66
attendance-service,load20,16,69.95,187.75,449.9,464.2,89
attendance-service,load50,16,104.17,142.79,508.1,552.3,96
attendance-service,recovery,9,2.21,6.63,540.7,551.0,91
attendance-service,warmup,9,91.55,237.39,430.9,442.0,67
auth-service,auth2,9,28.29,45.83,328.4,329.3,35
auth-service,capped50,22,9.5,15.67,325.5,327.9,36
auth-service,cappedidle,9,4.7,12.39,321.9,323.1,36
auth-service,cappedwarmup,11,9.24,30.91,320.8,321.4,35
auth-service,idle,18,2.97,9.61,378.4,378.6,50
auth-service,load20,16,21.68,99.75,380.2,381.2,56
auth-service,load50,16,27.81,96.39,384.6,394.2,56
auth-service,recovery,9,1.98,6.23,394.8,395.3,50
auth-service,warmup,9,11.95,30.97,376.7,378.1,50
employee-service,auth2,9,1.02,4.45,342.9,342.9,39
employee-service,capped50,22,27.11,60.39,337.8,346.0,68
employee-service,cappedidle,9,3.83,7.83,319.6,319.8,68
employee-service,cappedwarmup,11,35.26,58.7,308.6,322.0,69
employee-service,idle,18,1.76,10.04,500.6,505.4,63
employee-service,load20,16,48.66,140.95,506.4,511.7,66
employee-service,load50,16,57.74,125.21,527.5,565.2,67
employee-service,recovery,9,2.93,7.89,565.3,565.3,73
employee-service,warmup,9,22.24,40.11,498.0,502.3,64
gateway-service,auth2,9,7.37,24.76,249.8,255.1,78
gateway-service,capped50,22,37.81,57.95,240.0,245.8,85
gateway-service,cappedidle,9,1.57,4.61,226.6,226.7,72
gateway-service,cappedwarmup,11,25.02,57.64,217.3,226.4,74
gateway-service,idle,18,3.06,22.13,239.1,240.8,63
gateway-service,load20,16,54.29,108.81,248.6,255.4,95
gateway-service,load50,16,85.11,160.22,270.1,286.7,99
gateway-service,recovery,9,1.25,4.82,288.4,288.9,99
gateway-service,warmup,9,32.76,57.48,236.4,240.0,62
leave-service,auth2,9,0.61,2.35,318.7,318.7,41
leave-service,capped50,22,18.38,61.95,312.4,318.7,42
leave-service,cappedidle,9,1.81,6.44,301.6,301.9,42
leave-service,cappedwarmup,11,22.39,58.61,294.1,301.2,43
leave-service,idle,18,2.37,11.3,415.1,416.7,58
leave-service,load20,16,29.95,83.08,421.2,423.9,59
leave-service,load50,16,43.31,88.5,426.6,430.3,63
leave-service,recovery,9,2.19,6.92,428.9,428.9,57
leave-service,warmup,9,20.14,53.94,411.1,415.4,58
organization-service,auth2,9,1.08,4.8,308.0,308.0,40
organization-service,capped50,22,18.16,44.48,306.2,312.3,41
organization-service,cappedidle,9,4.1,12.2,299.9,300.2,40
organization-service,cappedwarmup,11,26.02,58.28,295.6,299.7,41
organization-service,idle,18,3.28,28.98,386.6,394.4,52
organization-service,load20,16,40.51,113.89,393.4,398.0,53
organization-service,load50,16,50.67,113.67,400.1,404.8,53
organization-service,recovery,9,1.63,9.45,402.5,402.6,52
organization-service,warmup,9,17.73,52.92,378.3,385.1,52
payroll-service,auth2,9,1.4,6.37,325.4,326.8,56
payroll-service,capped50,22,28.78,55.47,321.1,325.2,56
payroll-service,cappedidle,9,3.83,8.38,308.5,310.3,52
payroll-service,cappedwarmup,11,34.71,56.76,291.2,305.1,52
payroll-service,idle,18,2.01,14.38,388.5,388.6,57
payroll-service,load20,16,54.16,129.31,401.5,437.2,74
payroll-service,load50,16,64.47,96.04,440.3,446.3,76
payroll-service,recovery,9,1.33,8.24,443.6,444.9,75
payroll-service,warmup,9,53.26,160.19,384.1,388.3,57
postgres,auth2,9,3.31,12.86,244.4,244.4,79
postgres,capped50,22,16.23,63.01,244.4,248.3,85
postgres,cappedidle,9,3.16,13.66,243.4,243.4,79
postgres,cappedwarmup,11,13.97,57.49,237.4,243.9,80
postgres,idle,18,4.29,21.32,239.7,241.2,80
postgres,load20,16,22.71,55.1,241.3,245.5,80
postgres,load50,16,41.28,104.42,245.5,247.7,80
postgres,recovery,9,2.27,5.71,247.1,247.1,79
postgres,warmup,9,11.71,26.31,239.0,242.2,80
scheduling-service,auth2,9,4.03,8.59,298.2,298.3,35
scheduling-service,capped50,22,12.88,40.16,293.5,299.5,36
scheduling-service,cappedidle,9,2.71,19.1,289.4,289.6,35
scheduling-service,cappedwarmup,11,17.37,58.24,285.6,288.8,35
scheduling-service,idle,18,2.13,17.53,394.6,394.8,60
scheduling-service,load20,16,22.05,53.86,396.3,397.9,66
scheduling-service,load50,16,38.47,113.02,398.8,402.1,65
scheduling-service,recovery,9,2.38,7.69,400.7,400.7,60
scheduling-service,warmup,9,22.92,47.05,393.5,394.3,60
